decile,customers,avg_pred_spend,avg_actual_spend,purchase_rate,spend_total,share_actual_spend,cum_share_actual_spend,breakeven_lift_pct
1,2351,132.2257,114.5791,0.7044,269375.38,0.5657,0.5657,1.2965
2,2350,32.0505,32.0772,0.4898,75381.52,0.1583,0.724,5.3487
3,2350,13.7073,19.1883,0.346,45092.44,0.0947,0.8187,12.5063
4,2350,6.2058,9.8866,0.1996,23233.61,0.0488,0.8675,27.6241
5,2350,4.9369,4.207,0.0962,9886.44,0.0208,0.8883,34.7236
6,2350,4.7568,4.0898,0.0898,9611.09,0.0202,0.9085,36.0383
7,2350,4.5824,4.3164,0.0766,10143.5,0.0213,0.9298,37.4101
8,2350,4.4283,3.9807,0.0791,9354.58,0.0196,0.9494,38.712
9,2350,4.2647,3.4645,0.077,8141.49,0.0171,0.9665,40.1972
10,2351,3.1651,6.7777,0.128,15934.32,0.0335,1.0,54.162
